
CREATE DATABASE INTEGRADORA_ROL_USUARIOSv2;
USE INTEGRADORA_ROL_USUARIOSv2;
CREATE TABLE Roles (
    id_rol INT PRIMARY KEY AUTO_INCREMENT,
    nombre VARCHAR(50)
);

CREATE TABLE Usuarios (
    id_usuario INT PRIMARY KEY AUTO_INCREMENT,
    nombre_usuario VARCHAR(30),
    Contraseña VARCHAR(40),
    correo VARCHAR(40)
);

CREATE TABLE ROL_USUARIO (
    id_rol_usuario INT PRIMARY KEY AUTO_INCREMENT,
    rol INT,
    usuario INT,
    CONSTRAINT fk_rol_usuario_usuario FOREIGN KEY (usuario) REFERENCES Usuarios(id_usuario),
    CONSTRAINT fk_rol_usuario_rol FOREIGN KEY (rol) REFERENCES Roles(id_rol)
);

CREATE TABLE Persona (
    id_persona INT PRIMARY KEY AUTO_INCREMENT,
    Nombre VARCHAR(30),
    Apellido_paterno VARCHAR(30),
    apellido_materno VARCHAR(30),
    Fecha_de_Nacimiento DATE,
    direccion VARCHAR(100),
    ciudad VARCHAR(50),
    estado VARCHAR(50),
    codigo_postal VARCHAR(10),
    pais VARCHAR(50),
    Genero CHAR(1),
    Numero_De_Telefono CHAR(10),
    usuario INT,

    CONSTRAINT fk_persona_usuario FOREIGN KEY (usuario) REFERENCES Usuarios(id_usuario)
);

CREATE TABLE Recepcionista (
    id_recepcionista INT PRIMARY KEY AUTO_INCREMENT,
    curp VARCHAR(18),
    fecha_de_contratacion DATE,
    Numero_de_Seguridad_social VARCHAR(20),
    Afore VARCHAR(30),
    Numero_De_Emergencia CHAR(10),
    persona_recepcionista INT,
    CONSTRAINT fk_recepcionista_persona FOREIGN KEY (persona_recepcionista) REFERENCES Persona(id_persona)
);


CREATE TABLE Huesped (
id_huesped INT PRIMARY KEY AUTO_INCREMENT,
persona_huesped INT,
 CONSTRAINT fk_huesped_persona FOREIGN KEY (persona_huesped) REFERENCES Persona(id_persona)
);

CREATE TABLE Reservacion (
    id_reservacion INT PRIMARY KEY AUTO_INCREMENT,
    huesped INT,
    recepcionista INT NULL,
    fecha_ DATE,
    estado_reservacion VARCHAR(15),
    CHECK (estado_reservacion IN ('cancelada', 'finalizada','activa')),
    CONSTRAINT fk_reservacion_huesped FOREIGN KEY (huesped) REFERENCES Huesped(id_huesped),
    CONSTRAINT fk_reservacion_recepcionista FOREIGN KEY (recepcionista) REFERENCES Recepcionista(id_recepcionista)
);

CREATE TABLE t_habitacion (
    id_tipo_habitacion INT PRIMARY KEY AUTO_INCREMENT,
    nombre VARCHAR(25),
    descripcion TEXT,
    precio DECIMAL(10,2),
    cantidad_max_adultos INT,
    cantidad_max_niños INT,
     imagen TEXT null
);

CREATE TABLE Habitacion (
    id_habitacion INT PRIMARY KEY AUTO_INCREMENT,
    num_habitacion INT,
    piso INT,
    estado_habitacion VARCHAR(15),
    tipo_habitacion INT,
    CHECK (estado_habitacion IN ('ocupada', 'disponible', 'mantenimiento')),
    CONSTRAINT fk_habitacion_tipo_habitacion FOREIGN KEY (tipo_habitacion) REFERENCES t_habitacion(id_tipo_habitacion)
);

CREATE TABLE detalle_reservacion (
    id_detalle_reservacion INT PRIMARY KEY AUTO_INCREMENT,
    fecha_inicio DATE,
    fecha_fin DATE,
    reservacion INT,
    habitacion INT,
    cantidad_niños int,
    cantidad_adultos int,
    CONSTRAINT fk_detalle_reservacion_reservacion FOREIGN KEY (reservacion) REFERENCES Reservacion(id_reservacion),
    CONSTRAINT fk_detalle_reservacion_habitacion FOREIGN KEY (habitacion) REFERENCES Habitacion(id_habitacion)
);

CREATE TABLE detalle_pago (
    id_detalle_pago INT PRIMARY KEY AUTO_INCREMENT,
    reservacion INT,
    metodo_pago ENUM ('efectivo', 'tarjeta', 'transferencia'),
    monto_total DECIMAL(8,2),
    CONSTRAINT fk_detalle_pago_reservacion FOREIGN KEY (reservacion) REFERENCES Reservacion(id_reservacion)
);

CREATE TABLE facturacion (
    id_facturacion INT PRIMARY KEY AUTO_INCREMENT,
    nombre VARCHAR(25),
    apellido_paterno VARCHAR(25),
    apellido_materno VARCHAR(25),
    rfc VARCHAR(18),
    direccion VARCHAR(50),
    detalle_pago INT,
    CONSTRAINT fk_facturacion_detalle_pago FOREIGN KEY (detalle_pago) REFERENCES detalle_pago(id_detalle_pago)
);

ALTER TABLE Roles AUTO_INCREMENT = 1;
ALTER TABLE Usuarios AUTO_INCREMENT = 1;
ALTER TABLE ROL_USUARIO AUTO_INCREMENT = 1;
ALTER TABLE persona AUTO_INCREMENT = 1;
ALTER TABLE Recepcionista AUTO_INCREMENT = 1;
ALTER TABLE Huesped AUTO_INCREMENT = 1;
ALTER TABLE Reservacion AUTO_INCREMENT = 1;
ALTER TABLE t_habitacion AUTO_INCREMENT = 1;
ALTER TABLE Habitacion AUTO_INCREMENT = 1;
ALTER TABLE detalle_reservacion AUTO_INCREMENT = 1;
ALTER TABLE detalle_pago AUTO_INCREMENT = 1;
ALTER TABLE facturacion AUTO_INCREMENT = 1;


INSERT INTO roles (nombre) VALUES
('usuario'),
('recepcionista'),
('administrador');






INSERT INTO Usuarios (nombre_usuario, Contraseña, correo) VALUES
('johndoe', 'password123', 'johndoe@example.com'),
('janedoe', 'securepass', 'janedoe@example.com'),
('michaelb', 'mypassword', 'michaelb@example.com'),
('sarahw', 'sarah123', 'sarahw@example.com'),
('davidm', 'davidsafe', 'davidm@example.com'),
('emilyj', 'emilysecure', 'emilyj@example.com'),
('chrisp', 'chrispass', 'chrisp@example.com'),
('amandab', 'amandabest', 'amandab@example.com'),
('stevent', 'stevensafe', 'stevent@example.com'),
('laurak', 'laurak123', 'laurak@example.com'),
('roberth', 'roberthpass', 'roberth@example.com'),
('patriciac', 'patriciapass', 'patriciac@example.com'),
('brianf', 'briansafe', 'brianf@example.com'),
('lindam', 'lindamsecure', 'lindam@example.com'),
('kevinc', 'kevincpass', 'kevinc@example.com'),
('lisaw', 'lisaw123', 'lisaw@example.com'),
('danielg', 'danielpass', 'danielg@example.com'),
('karenb', 'karenbsecure', 'karenb@example.com'),
('matthewd', 'matthew123', 'matthewd@example.com'),
('susanp', 'susanpass', 'susanp@example.com'),
('jamesr', 'jamessecure', 'jamesr@example.com'),
('elizabeths', 'elizabeth123', 'elizabeths@example.com'),
('richardl', 'richardpass', 'richardl@example.com'),
('nancyj', 'nancysecure', 'nancyj@example.com'),
('charlesb', 'charles123', 'charlesb@example.com'),
('margaretm', 'margaretpass', 'margaretm@example.com'),
('josephw', 'josephsecure', 'josephw@example.com'),
('helenk', 'helen123', 'helenk@example.com'),
('thomasd', 'thomaspass', 'thomasd@example.com'),
('dorothyf', 'dorothysecure', 'dorothyf@example.com'),
('georgeh', 'george123', 'georgeh@example.com'),
('bettyl', 'bettypass', 'bettyl@example.com'),
('frankc', 'franksecure', 'frankc@example.com'),
('sandrab', 'sandra123', 'sandrab@example.com'),
('johnp', 'johnpass', 'johnp@example.com'),
('ashleyt', 'ashleysecure', 'ashleyt@example.com'),
('harryg', 'harry123', 'harryg@example.com'),
('annem', 'annepass', 'annem@example.com'),
('markr', 'marksecure', 'markr@example.com'),
('judym', 'judy123', 'judym@example.com'),
('paulm', 'paulpass', 'paulm@example.com'),
('ruthh', 'ruthsecure', 'ruthh@example.com'),
('stevej', 'steve123', 'stevej@example.com'),
('carolw', 'carolpass', 'carolw@example.com'),
('larryh', 'larrysecure', 'larryh@example.com'),
('dianeb', 'diane123', 'dianeb@example.com'),
('kevint', 'kevinpass', 'kevint@example.com'),
('annaj', 'annasecure', 'annaj@example.com'),
('tomasillo','1234','tomasillo@example.com'),
('etnis','1234','etnis@example.com'),
('juanillo','1234','juanillo@example.com'),
('cristian777','1234','cristian777@example.com'),
('GaelHacker','holamundo','gael@example.com');




INSERT INTO ROL_USUARIO (rol, usuario) VALUES
(1, 1),
(1, 2),
(1, 3),
(1, 4),
(1, 5),
(1, 6),
(1, 7),
(1, 8),
(1, 9),
(1, 10),
(1, 11),
(1, 12),
(1, 13),
(1, 14),
(1, 15),
(1, 16),
(1, 17),
(1, 18),
(1, 19),
(1, 20),
(1, 21),
(1, 22),
(1, 23),
(1, 24),
(1, 25),
(1, 26),
(1, 27),
(1, 28),
(1, 29),
(1, 30),
(1, 31),
(1, 32),
(1, 33),
(1, 34),
(1, 35),
(1, 36),
(1, 37),
(1, 38),
(1, 39),
(1, 40),
(1, 41),
(1, 42),
(1, 43),
(1, 44),
(1, 45),
(1, 46),
(1, 47),
(1, 48),
(2,49),
(2,50),
(2,51),
(2,52),
(3,53);





INSERT INTO Persona (Nombre, Apellido_paterno, Apellido_materno, Fecha_de_Nacimiento, direccion, ciudad, estado, codigo_postal, pais, Genero, Numero_De_Telefono, usuario) VALUES
('Juan', 'Perez', 'Lopez', '1990-01-01', 'Calle Falsa 123', 'Ciudad de México', 'CDMX', '01000', 'México', 'M', '5551234567', 1),
('Maria', 'Garcia', 'Hernandez', '1985-05-15', 'Avenida Siempre Viva 456', 'Guadalajara', 'Jalisco', '44100', 'México', 'F', '3331234567', 2),
('Pedro', 'Martinez', 'Rodriguez', '1978-07-23', 'Calle Olmo 789', 'Monterrey', 'Nuevo León', '64000', 'México', 'M', '8181234567', 3),
('Luisa', 'Fernandez', 'Gomez', '1992-11-30', 'Calle Luna 321', 'Puebla', 'Puebla', '72000', 'México', 'F', '2221234567', 4),
('Carlos', 'Gonzalez', 'Perez', '1980-03-14', 'Calle Sol 654', 'Tijuana', 'Baja California', '22000', 'México', 'M', '6641234567', 5),
('Ana', 'Lopez', 'Ramirez', '1989-08-09', 'Calle Estrella 987', 'Cancún', 'Quintana Roo', '77500', 'México', 'F', '9981234567', 6),
('Miguel', 'Hernandez', 'Vazquez', '1975-12-25', 'Calle Marte 123', 'León', 'Guanajuato', '37000', 'México', 'M', '4771234567', 7),
('Laura', 'Ramirez', 'Cruz', '1983-04-18', 'Calle Jupiter 456', 'Mérida', 'Yucatán', '97000', 'México', 'F', '9991234567', 8),
('Jorge', 'Torres', 'Morales', '1991-09-05', 'Calle Venus 789', 'Chihuahua', 'Chihuahua', '31000', 'México', 'M', '6141234567', 9),
('Patricia', 'Sanchez', 'Martinez', '1982-02-20', 'Calle Saturno 321', 'Veracruz', 'Veracruz', '91700', 'México', 'F', '2291234567', 10),
('Andres', 'Ruiz', 'Gutierrez', '1984-06-17', 'Calle Mercurio 654', 'Culiacán', 'Sinaloa', '80000', 'México', 'M', '6671234567', 11),
('Sofia', 'Morales', 'Rojas', '1993-10-28', 'Calle Neptuno 987', 'Saltillo', 'Coahuila', '25000', 'México', 'F', '8441234567', 12),
('Raul', 'Ortiz', 'Jimenez', '1988-01-13', 'Calle Plutón 123', 'Mexicali', 'Baja California', '21000', 'México', 'M', '6861234567', 13),
('Elena', 'Gutierrez', 'Hernandez', '1994-07-24', 'Calle Tierra 456', 'Zacatecas', 'Zacatecas', '98000', 'México', 'F', '4921234567', 14),
('Victor', 'Jimenez', 'Lopez', '1986-11-03', 'Calle Fuego 789', 'Acapulco', 'Guerrero', '39600', 'México', 'M', '7441234567', 15),
('Isabel', 'Castillo', 'Gomez', '1979-04-01', 'Calle Agua 321', 'San Luis Potosí', 'San Luis Potosí', '78000', 'México', 'F', '4441234567', 16),
('Hugo', 'Vargas', 'Sanchez', '1987-08-19', 'Calle Viento 654', 'Oaxaca', 'Oaxaca', '68000', 'México', 'M', '9511234567', 17),
('Rosa', 'Mendoza', 'Pérez', '1990-12-10', 'Calle Nube 987', 'Morelia', 'Michoacán', '58000', 'México', 'F', '4431234567', 18),
('Oscar', 'Flores', 'Ramirez', '1981-03-22', 'Calle Trueno 123', 'Tuxtla Gutiérrez', 'Chiapas', '29000', 'México', 'M', '9611234567', 19),
('Mariana', 'Gomez', 'Torres', '1985-09-14', 'Calle Rayo 456', 'Villahermosa', 'Tabasco', '86000', 'México', 'F', '9931234567', 20),
('Eduardo', 'Martinez', 'Vazquez', '1978-12-30', 'Calle Luz 789', 'Toluca', 'Estado de México', '50000', 'México', 'M', '7221234567', 21),
('Gabriela', 'Perez', 'Lopez', '1986-05-08', 'Calle Sombra 321', 'Durango', 'Durango', '34000', 'México', 'F', '6181234567', 22),
('Roberto', 'Ramirez', 'Hernandez', '1983-07-21', 'Calle Brisa 654', 'Hermosillo', 'Sonora', '83000', 'México', 'M', '6621234567', 23),
('Veronica', 'Lopez', 'Garcia', '1992-02-29', 'Calle Rocío 987', 'Aguascalientes', 'Aguascalientes', '20000', 'México', 'F', '4491234567', 24),
('Alberto', 'Gonzalez', 'Martinez', '1984-04-11', 'Calle Alba 123', 'Colima', 'Colima', '28000', 'México', 'M', '3121234567', 25),
('Daniela', 'Sanchez', 'Ruiz', '1989-06-26', 'Calle Amanecer 456', 'Tepic', 'Nayarit', '63000', 'México', 'F', '3111234567', 26),
('Javier', 'Torres', 'Gutierrez', '1981-11-07', 'Calle Anochecer 789', 'Cuernavaca', 'Morelos', '62000', 'México', 'M', '7771234567', 27),
('Silvia', 'Hernandez', 'Jimenez', '1991-01-19', 'Calle Aurora 321', 'Reynosa', 'Tamaulipas', '88700', 'México', 'F', '8991234567', 28),
('Fernando', 'Perez', 'Cruz', '1985-10-25', 'Calle Bosque 654', 'Tampico', 'Tamaulipas', '89000', 'México', 'M', '8331234567', 29),
('Alicia', 'Garcia', 'Lopez', '1993-05-02', 'Calle Campo 987', 'Coatzacoalcos', 'Veracruz', '96400', 'México', 'F', '9211234567', 30),
('Cesar', 'Martinez', 'Sanchez', '1979-09-23', 'Calle Cielo 123', 'La Paz', 'Baja California Sur', '23000', 'México', 'M', '6121234567', 31),
('Natalia', 'Lopez', 'Vazquez', '1987-02-05', 'Calle Colina 456', 'Mazatlán', 'Sinaloa', '82000', 'México', 'F', '6691234567', 32),
('Raquel', 'Sanchez', 'Gutierrez', '1990-08-12', 'Calle Cordillera 789', 'Puerto Vallarta', 'Jalisco', '48300', 'México', 'F', '3221234567', 33),
('Adrian', 'Ramirez', 'Jimenez', '1982-11-17', 'Calle Crepúsculo 321', 'Torreón', 'Coahuila', '27000', 'México', 'M', '8711234567', 34),
('Marta', 'Gomez', 'Lopez', '1988-04-09', 'Calle Diamante 654', 'Zacatecas', 'Zacatecas', '98000', 'México', 'F', '4921234568', 35),
('Guillermo', 'Garcia', 'Martinez', '1980-07-30', 'Calle Eco 987', 'San Cristóbal de las Casas', 'Chiapas', '29200', 'México', 'M', '9671234567', 36),
('Lorena', 'Hernandez', 'Perez', '1986-12-19', 'Calle Espejo 123', 'Pachuca', 'Hidalgo', '42000', 'México', 'F', '7711234567', 37),
('Armando', 'Lopez', 'Sanchez', '1978-06-28', 'Calle Estrella 456', 'Tehuacán', 'Puebla', '75700', 'México', 'M', '2381234567', 38),
('Irene', 'Martinez', 'Hernandez', '1985-09-14', 'Calle Estuario 789', 'Ensenada', 'Baja California', '22800', 'México', 'F', '6461234567', 39),
('Ruben', 'Sanchez', 'Vazquez', '1992-03-02', 'Calle Faro 321', 'Tapachula', 'Chiapas', '30700', 'México', 'M', '9621234567', 40),
('Alejandra', 'Perez', 'Lopez', '1989-05-27', 'Calle Flor 654', 'Irapuato', 'Guanajuato', '36500', 'México', 'F', '4621234567', 41),
('Hector', 'Gomez', 'Hernandez', '1984-08-03', 'Calle Fuente 987', 'Tuxpan', 'Veracruz', '92800', 'México', 'M', '7831234567', 42),
('Teresa', 'Lopez', 'Ramirez', '1983-11-22', 'Calle Gruta 123', 'Orizaba', 'Veracruz', '94300', 'México', 'F', '2721234567', 43),
('Luis', 'Ramirez', 'Garcia', '1977-04-18', 'Calle Horizonte 456', 'Ciudad Victoria', 'Tamaulipas', '87000', 'México', 'M', '8341234567', 44),
('Carmen', 'Hernandez', 'Sanchez', '1991-06-11', 'Calle Isla 789', 'Matamoros', 'Tamaulipas', '87300', 'México', 'F', '8681234567', 45),
('Ivan', 'Sanchez', 'Perez', '1988-09-25', 'Calle Lago 321', 'San Juan del Río', 'Querétaro', '76800', 'México', 'M', '4271234567', 46),
('Esther', 'Martinez', 'Lopez', '1994-10-03', 'Calle Lluvia 654', 'Celaya', 'Guanajuato', '38000', 'México', 'F', '4611234567', 47),
('Sergio', 'Perez', 'Hernandez', '1976-12-12', 'Calle Mar 987', 'Guaymas', 'Sonora', '85400', 'México', 'M', '6221234567', 48),
('etnis', 'castro', 'robles', '1999-01-01', 'Calle madrid 12', 'torreon', 'coahuila', '55213', 'México', 'F', '8711223344', 49),
('Tomasillo', 'Villegas', 'Gomez', '1987-12-12', 'Calle 987', 'torreon', 'coahuila', '81300', 'México', 'M', '8712341232', 50),
('Juan Antonio', 'Deraz', 'Duron', '2000-01-20', 'Calle Centro 123', 'torreon', 'coahuila', '88002', 'México', 'M', '8712344212', 51),
('cristian', 'mata', 'chairez', '1993-03-15', 'Calle medina 456', 'torreon', 'coahuila', '44000', 'México', 'M', '8712232123', 52),
('gael', 'barajas', 'vazquez', '1990-10-01', 'Calle centro 624', 'torreon', 'coahuila', '24000', 'México', 'M', '8715234122', 53);




INSERT INTO Recepcionista (curp,fecha_de_contratacion, Numero_de_Seguridad_social, Afore, Numero_De_Emergencia, persona_recepcionista) VALUES
('PEPJ900101HDFLNL00','2020-01-10', '12345678901234567890', 'Afore1', '5551234567', 49),
('GARM850515MDFNRR00','2019-05-15', '23456789012345678901', 'Afore2', '5552345678', 50),
('MARP780723HDFBRD00','2018-07-23', '34567890123456789012', 'Afore3', '5553456789', 51),
('FERG920730MDFNDL00','2021-11-30', '45678901234567890123', 'Afore4', '5554567890', 52);

INSERT INTO Huesped (persona_huesped) values 
('1'),('2'),('3'),('4'),('5'),('6'),('7'),
('8'),('9'),('10'),('11'),('12'),('13'),('14'),('15'),('16'),
('17'),('18'),('19'),('20'),('21'),('22'),('23'),('24'),('25'),('26'),
('27'),('28'),('29'),('30'),('31'),('32'),('33'),('34'),('35'),('36'),
('37'),('38'),('39'),('40'),('41'),('42'),('43'),('44'),('45'),('46'),('47'),('48');



INSERT INTO Reservacion (huesped, fecha_, estado_reservacion) VALUES
(1,'2022-01-01', 'cancelada'),
(2,'2022-01-11', 'cancelada'),
(3,'2022-02-01', 'cancelada'),
(4,'2022-02-12', 'cancelada'),
(5,'2022-03-16', 'cancelada'),
(6,'2022-03-17', 'finalizada'),
(7,'2022-03-25', 'finalizada'),
(8,'2022-04-01', 'finalizada'),
(9,'2022-04-17', 'finalizada'),
(10, '2022-05-06', 'finalizada'),
(11, '2022-05-10', 'finalizada'),
(12, '2022-05-15', 'finalizada'),
(13, '2022-06-09', 'finalizada'),
(14, '2022-06-10', 'finalizada'),
(15, '2022-06-15', 'finalizada'),
(16, '2022-06-29', 'finalizada'),
(17, '2022-07-01', 'finalizada'),
(18, '2022-07-13', 'finalizada'),
(19, '2022-07-15', 'finalizada'),
(20, '2022-07-26', 'finalizada'),
(21, '2022-08-01', 'finalizada'), 
(22, '2022-08-08', 'finalizada'),
(23, '2022-08-15', 'finalizada'),
(24,'2022-09-01', 'finalizada'),
(25, '2022-09-15', 'finalizada'),
(26, '2022-09-30', 'finalizada'),
(27, '2022-10-15', 'finalizada'),
(28, '2022-10-31', 'finalizada'),
(29, '2022-11-15', 'finalizada'),
(30, '2022-12-24', 'finalizada'),
(31, '2022-12-24', 'finalizada'),
(32, '2022-12-31', 'finalizada'),
(33, '2023-01-04', 'finalizada'),
(34, '2023-01-17', 'finalizada'),
(35, '2023-01-20', 'finalizada'),
(36, '2023-01-26', 'finalizada'),
(37, '2023-02-01', 'finalizada'),
(38, '2023-02-02', 'finalizada'),
(39, '2023-02-05', 'finalizada'),
(40, '2023-02-10', 'finalizada'),
(41, '2023-02-15', 'finalizada'),
(42, '2023-02-20', 'finalizada'),
(43, '2023-02-28', 'finalizada'),
(44, '2023-03-07', 'finalizada'),
(45, '2023-03-15', 'finalizada'),
(46, '2023-03-17', 'finalizada'),
(47, '2023-03-20', 'finalizada'),
(48, '2023-03-21', 'finalizada'),
(1, '2023-04-02', 'finalizada'),
(2, '2023-04-10', 'finalizada'),
(3, '2023-04-15', 'finalizada'),
(4, '2023-05-02', 'finalizada'),
(5, '2023-05-10', 'finalizada'),
(6, '2023-06-03', 'finalizada'),
(7, '2023-06-15', 'finalizada'),
(8, '2023-07-01', 'finalizada'),
(9, '2023-07-15', 'finalizada'),
(10, '2023-08-01', 'finalizada'),
(11, '2023-08-15', 'finalizada'),
(12, '2023-08-17', 'finalizada'),
(13, '2023-08-28', 'finalizada'),
(14, '2023-09-01', 'finalizada'),
(15, '2023-09-02', 'finalizada'),
(16, '2023-09-10', 'finalizada'),
(17, '2023-09-15', 'finalizada'),
(18, '2023-09-29', 'finalizada'),
(19, '2023-10-02', 'finalizada'),
(20, '2023-10-20', 'finalizada'),
(21, '2023-11-01', 'finalizada'),
(22, '2023-11-07', 'finalizada'),
(23, '2023-12-01', 'finalizada'),
(24, '2023-12-05', 'finalizada'),
(25, '2023-12-13', 'finalizada'),
(26, '2023-12-20', 'finalizada'),
(27, '2024-01-02', 'finalizada'),
(28, '2024-01-15', 'finalizada'),
(29, '2024-02-02', 'finalizada'),
(30, '2024-02-14', 'finalizada'),
(31, '2024-03-16', 'finalizada'),
(32, '2024-03-20', 'finalizada'),
(33, '2024-03-27', 'finalizada'),
(34, '2024-04-06', 'finalizada'),
(35, '2024-04-10', 'finalizada'),
(36, '2024-04-14', 'finalizada'),
(37, '2024-04-19', 'finalizada'),
(38, '2024-05-02', 'finalizada'),
(39, '2024-05-02', 'finalizada'),
(40, '2024-05-10', 'finalizada'),
(41, '2024-06-02', 'finalizada'),
(42, '2024-06-12', 'finalizada'),
(43, '2024-06-22', 'finalizada'),
(44, '2024-06-25', 'finalizada'),
(45, '2024-06-26', 'finalizada'),
(46, '2024-07-02', 'activa'),
(47, '2024-07-03', 'activa'),
(48, '2024-07-05', 'activa');



INSERT INTO t_habitacion (nombre, descripcion, precio, cantidad_max_adultos, cantidad_max_niños,imagen) VALUES
('Doble', 'Habitación doble con dos camas matrimoniales, ideal para familias pequeñas.', 900.00, 4,2,''),
('King Size', 'Habitación con una cama King Size, perfecta para parejas que buscan confort.', 1200.00, 2, 1,''),
('Sencilla', 'Habitación individual con una cama matrimonial, ideal para viajeros solitarios.', 700.00, 2, 1,'');



INSERT INTO Habitacion (num_habitacion, piso, estado_habitacion, tipo_habitacion) VALUES
(101, 1, 'disponible', 1),
(102, 1, 'disponible', 1),
(103, 1, 'disponible', 1),
(104, 1, 'disponible', 1),
(105, 1, 'disponible', 1),
(106, 1, 'disponible', 1),
(107, 1, 'disponible', 1),
(108, 1, 'disponible', 1),
(109, 1, 'disponible', 1),
(110, 1, 'disponible', 1),
(111, 1, 'disponible', 1),
(112, 1, 'disponible', 1),
(113, 1, 'disponible', 1),
(114, 1, 'disponible', 1),
(115, 1, 'disponible', 1),
(116, 1, 'disponible', 1),
(117, 1, 'ocupada', 1),
(118, 1, 'ocupada', 1),
(119, 1, 'ocupada', 1),
(120, 1, 'ocupada', 1),
(121, 2, 'ocupada', 1),
(122, 2, 'ocupada', 1),
(201, 2, 'ocupada', 2),
(202, 2, 'ocupada', 2),
(203, 2, 'ocupada', 2),
(204, 2, 'disponible', 2),
(301, 2, 'disponible', 3),
(302, 2, 'disponible', 3),
(303, 2, 'disponible', 3);


INSERT INTO detalle_reservacion (fecha_inicio, fecha_fin, reservacion, habitacion, cantidad_niños, cantidad_adultos) VALUES
('2022-01-01', '2022-01-05', 1, 1, 1, 2),
('2022-01-01', '2022-01-05', 1, 2, 1, 2),
('2022-01-01', '2022-01-05', 1, 3, 1, 2),
('2022-02-01', '2022-02-05', 2, 4, 1, 2),
('2022-02-01', '2022-02-05', 2, 5, 1, 2),
('2022-02-01', '2022-02-05', 2, 6, 1, 2),
('2022-02-02', '2022-02-05', 3, 7, 0, 1),
('2022-02-02', '2022-02-05', 3, 8, 0, 1),
('2022-02-02', '2022-02-05', 3, 9, 0, 1),
('2022-02-15', '2022-02-20', 4, 10, 2, 2),
('2022-02-15', '2022-02-20', 4, 11, 2, 2),
('2022-02-15', '2022-02-20', 4, 12, 2, 2),
('2022-03-20', '2022-03-25', 5, 13, 1, 1),
('2022-03-20', '2022-03-25', 5, 14, 1, 1),
('2022-03-20', '2022-03-25', 5, 15, 1, 1),
('2022-03-20', '2022-03-22', 6, 16, 0, 2),
('2022-03-20', '2022-03-22', 6, 17, 0, 2),
('2022-03-20', '2022-03-22', 6, 18, 0, 2),
('2022-04-01', '2022-04-04', 7, 19, 2, 2),
('2022-04-01', '2022-04-04', 7, 20, 2, 2),
('2022-04-01', '2022-04-04', 7, 21, 2, 2),
('2022-04-10', '2022-04-15', 8, 22, 1, 2),
('2022-04-10', '2022-04-15', 8, 23, 1, 2),
('2022-04-10', '2022-04-15', 8, 24, 1, 2),
('2022-04-20', '2022-04-22', 9, 25, 0, 1),
('2022-04-20', '2022-04-22', 9, 26, 0, 1),
('2022-04-20', '2022-04-22', 9, 27, 0, 1),
('2022-05-10', '2022-05-15', 10, 28, 0, 2),
('2022-05-10', '2022-05-15', 10, 29, 0, 2),
('2022-05-15', '2022-05-20', 11, 1, 0, 2),
('2022-05-15', '2022-05-20', 11, 2, 0, 2),
('2022-05-15', '2022-05-20', 11, 3, 0, 2),
('2022-05-20', '2022-05-26', 12, 4, 1, 1),
('2022-05-20', '2022-05-26', 12, 5, 1, 1),
('2022-05-20', '2022-05-26', 12, 6, 1, 1),
('2022-06-10', '2022-06-25', 13, 7, 0, 2),
('2022-06-10', '2022-06-25', 13, 8, 0, 2),
('2022-06-10', '2022-06-25', 13, 9, 0, 2),
('2022-06-15', '2022-06-20', 14, 10, 2, 2),
('2022-06-15', '2022-06-20', 14, 11, 2, 2),
('2022-06-15', '2022-06-20', 14, 12, 2, 2),
('2022-06-17', '2022-06-22', 15, 13, 1, 2),
('2022-06-17', '2022-06-22', 15, 14, 1, 2),
('2022-06-17', '2022-06-22', 15, 15, 1, 2),
('2022-07-01', '2022-07-05', 16, 16, 0, 1),
('2022-07-01', '2022-07-05', 16, 17, 0, 1),
('2022-07-01', '2022-07-05', 16, 18, 0, 1),
('2022-07-15', '2022-07-25', 17, 19, 0, 2),
('2022-07-15', '2022-07-25', 17, 20, 0, 2),
('2022-07-15', '2022-07-25', 17, 21, 0, 2),
('2022-08-01', '2022-08-10', 18, 22, 0, 2),
('2022-08-01', '2022-08-10', 18, 23, 0, 2),
('2022-08-01', '2022-08-10', 18, 24, 0, 2),
('2022-07-16', '2022-07-20', 19, 25, 1, 1),
('2022-07-16', '2022-07-20', 19, 26, 1, 1),
('2022-07-16', '2022-07-20', 19, 27, 1, 1),
('2022-07-28', '2022-07-29', 20, 28, 0, 2),
('2022-07-28', '2022-07-29', 20, 29, 0, 2),
('2022-08-01', '2022-08-06', 21, 1, 2, 2),
('2022-08-01', '2022-08-06', 21, 2, 2, 2),
('2022-08-01', '2022-08-06', 21, 3, 2, 2),
('2022-08-08', '2022-08-12', 22, 4, 1, 2),
('2022-08-08', '2022-08-12', 22, 5, 1, 2),
('2022-08-08', '2022-08-12', 22, 6, 1, 2),
('2022-08-15', '2022-08-20', 23, 7, 0, 1),
('2022-08-15', '2022-08-20', 23, 8, 0, 1),
('2022-08-15', '2022-08-20', 23, 9, 0, 1),
('2022-09-01', '2022-09-07', 24, 10, 0, 2),
('2022-09-01', '2022-09-07', 24, 11, 0, 2),
('2022-09-01', '2022-09-07', 24, 12, 0, 2),
('2022-09-15', '2022-09-20', 25, 13, 0, 2),
('2022-09-15', '2022-09-20', 25, 14, 0, 2),
('2022-09-15', '2022-10-20', 25, 15, 0, 2),
('2022-09-30', '2022-10-07', 26, 16, 1, 1),
('2022-09-30', '2022-10-07', 26, 17, 1, 1),
('2022-09-30', '2022-10-07', 26, 18, 1, 1),
('2022-10-15', '2022-10-20', 27, 19, 0, 2),
('2022-10-15', '2022-10-20', 27, 20, 0, 2),
('2022-10-15', '2022-10-20', 27, 21, 0, 2),
('2022-10-31', '2022-11-05', 28, 22, 1, 2),
('2022-10-31', '2022-11-05', 28, 23, 1, 2),
('2022-10-31', '2022-11-05', 28, 24, 1, 2),
('2022-11-15', '2022-11-23', 29, 25, 1, 2),
('2022-11-15', '2022-11-23', 29, 26, 1, 2),
('2022-11-15', '2022-11-23', 29, 27, 1, 2),
('2022-12-24', '2022-01-01', 30, 28, 0, 1),
('2022-12-24', '2022-01-01', 30, 29, 0, 1),
('2022-12-24', '2022-01-01', 30, 1, 0, 1),
('2022-12-24', '2022-12-29', 31, 2, 2, 2),
('2022-12-24', '2022-12-29', 31, 3, 2, 2),
('2022-12-24', '2022-12-29', 31, 4, 2, 2),
('2022-12-31', '2023-01-10', 32, 5, 0, 2),
('2022-12-31', '2023-01-10', 32, 6, 0, 2),
('2022-12-01', '2023-01-10', 32, 7, 0, 2),
('2023-01-04', '2022-01-10', 33, 8, 1, 1),
('2023-01-04', '2023-01-10', 33, 9, 1, 1),
('2023-01-04', '2023-01-10', 33, 10, 1, 1),
('2023-01-17', '2023-01-24', 34, 11, 0, 2),
('2023-01-17', '2023-01-24', 34, 12, 0, 2),
('2023-01-17', '2023-01-24', 34, 13, 0, 2),
('2023-01-20', '2023-01-25', 35, 14, 2, 2),
('2023-01-20', '2023-01-25', 35, 15, 2, 2),
('2023-01-20', '2023-01-25', 35, 16, 2, 2),
('2023-01-26', '2023-01-30', 36, 17, 1, 2),
('2023-01-26', '2023-01-30', 36, 18, 1, 2),
('2023-01-26', '2023-01-30', 36, 19, 1, 2),
('2023-02-01', '2023-02-07', 37, 20, 0, 1),
('2023-02-01', '2023-02-07', 37, 21, 0, 1),
('2023-02-01', '2023-02-07', 37, 22, 0, 1),
('2023-02-02', '2023-02-08', 38, 23, 2, 2),
('2023-02-02', '2023-02-08', 38, 24, 2, 2),
('2023-02-02', '2023-02-08', 38, 25, 2, 2),
('2023-02-05', '2023-02-09', 39, 26, 0, 2),
('2023-02-05', '2023-02-09', 39, 27, 0, 2),
('2023-02-05', '2023-02-09', 39, 28, 0, 2),
('2023-02-10', '2023-02-16', 40, 29, 1, 1),
('2023-02-10', '2023-02-16', 40, 1, 1, 1),
('2023-02-10', '2023-02-16', 40, 2, 1, 1),
('2023-02-15', '2023-02-20', 41, 3, 0, 2),
('2023-02-15', '2023-02-20', 41, 4, 0, 2),
('2023-02-15', '2023-02-20', 41, 5, 0, 2),
('2023-02-20', '2023-02-27', 42, 6, 2, 2),
('2023-02-20', '2023-02-27', 42, 7, 2, 2),
('2023-02-20', '2023-02-27', 42, 8, 2, 2),
('2023-02-28', '2023-03-07', 43, 9, 1, 2),
('2023-02-28', '2023-03-07', 43, 10, 1, 2),
('2023-02-28', '2023-03-07', 43, 11, 1, 2),
('2023-03-07', '2023-03-14', 44, 12, 0, 1),
('2023-03-07', '2023-03-14', 44, 13, 0, 1),
('2023-03-07', '2023-03-14', 44, 14, 0, 1),
('2023-03-15', '2023-03-20', 45, 15, 2, 2),
('2023-03-15', '2023-03-20', 45, 16, 2, 2),
('2023-03-15', '2023-03-20', 45, 17, 3, 2),
('2023-03-17', '2023-03-23', 46, 18, 2, 2),
('2023-03-17', '2023-03-23', 46, 19, 0, 2),
('2023-03-17', '2023-03-23', 46, 20, 0, 2),
('2023-03-20', '2023-03-25', 47, 21, 1, 1),
('2023-03-20', '2023-03-25', 47, 22, 1, 1),
('2023-03-20', '2023-03-25', 47, 23, 1, 1),
('2023-03-21', '2023-03-29', 48, 24, 0, 2),
('2023-03-21', '2023-03-29', 48, 25, 0, 2),
('2023-03-21', '2023-03-29', 48, 26, 0, 2),
('2023-04-02', '2023-04-08', 49, 27, 1, 2),
('2023-04-02', '2023-04-08', 49, 28, 1, 2),
('2023-04-02', '2023-04-08', 49, 29, 1, 2),
('2023-04-10', '2023-04-12', 50, 1, 1, 2),
('2023-04-10', '2023-04-12', 50, 2, 1, 2),
('2023-04-10', '2023-04-12', 50, 3, 1, 2),
('2023-04-15', '2023-04-21', 51, 4, 0, 1),
('2023-04-15', '2023-04-21', 51, 5, 0, 1),
('2023-04-15', '2023-04-21', 51, 6, 0, 1),
('2023-05-02', '2023-05-10', 52, 7, 2, 2),
('2023-05-02', '2023-05-10', 52, 8, 2, 2),
('2023-05-02', '2023-05-10', 52, 9, 2, 2),
('2023-05-10', '2023-05-15', 53, 10, 1, 2),
('2023-05-10', '2023-05-15', 53, 11, 1, 2),
('2023-05-10', '2023-05-15', 53, 12, 1, 2),
('2023-06-03', '2023-06-08', 54, 13, 0, 1),
('2023-06-03', '2023-06-08', 54, 14, 0, 1),
('2023-06-03', '2023-06-08', 54, 15, 0, 1),
('2023-06-15', '2023-06-20', 55, 16, 2, 2),
('2023-06-15', '2023-06-20', 55, 17, 2, 2),
('2023-06-15', '2023-06-20', 55, 18, 2, 2),
('2023-07-01', '2023-07-07', 56, 19, 0, 2),
('2023-07-01', '2023-07-07', 56, 20, 0, 2),
('2023-07-01', '2023-07-07', 56, 21, 0, 2),
('2023-07-15', '2023-07-23', 57, 22, 1, 1),
('2023-07-15', '2023-07-23', 57, 23, 1, 1),
('2023-07-15', '2023-07-23', 57, 24, 1, 1),
('2023-08-01', '2023-08-06', 58, 25, 0, 2),
('2023-08-01', '2023-08-06', 58, 26, 0, 2),
('2023-08-01', '2023-08-06', 58, 27, 0, 2),
('2023-08-15', '2023-08-22', 59, 28, 1, 2),
('2023-08-15', '2023-08-22', 59, 29, 1, 2),
('2023-08-15', '2023-08-22', 59, 1, 2, 2),
('2023-08-17', '2023-08-24', 60, 2, 2, 2),
('2023-08-17', '2023-08-24', 60, 3, 2, 2),
('2023-08-17', '2023-08-24', 60, 4, 2, 2),
('2023-08-28', '2023-09-03', 61, 5, 0, 1),
('2023-08-28', '2023-09-03', 61, 6, 0, 1),
('2023-08-28', '2023-09-03', 61, 7, 0, 1),
('2023-09-01', '2023-09-07', 62, 8, 2, 2),
('2023-09-01', '2023-09-07', 62, 9, 2, 2),
('2023-09-01', '2023-09-07', 62, 10, 2, 2),
('2023-09-02', '2023-09-05', 63, 11, 0, 2),
('2023-09-02', '2023-09-05', 63, 12, 0, 2),
('2023-09-02', '2023-09-05', 63, 13, 0, 2),
('2023-09-10', '2023-09-14', 64, 14, 1, 1),
('2023-09-10', '2023-09-14', 64, 15, 1, 1),
('2023-09-10', '2023-09-14', 64, 16, 1, 1),
('2023-09-15', '2023-09-21', 65, 17, 0, 2),
('2023-09-15', '2023-09-21', 65, 18, 0, 2),
('2023-09-15', '2023-09-21', 65, 19, 0, 2),
('2023-09-29', '2023-10-03', 66, 20, 1, 2),
('2023-09-29', '2023-10-03', 66, 21, 1, 2),
('2023-09-29', '2023-10-03', 66, 22, 1, 2),
('2023-10-02', '2023-10-07', 67, 23, 1, 2),
('2023-10-02', '2023-10-07', 67, 24, 1, 2),
('2023-10-02', '2023-10-07', 67, 25, 1, 2),
('2023-10-03', '2023-10-07', 68, 26, 1, 1),
('2023-10-03', '2023-10-07', 68, 27, 0, 1),
('2023-10-03', '2023-10-07', 68, 28, 0, 1),
('2023-11-15', '2023-11-20', 69, 29, 1, 2),
('2023-11-15', '2023-11-20', 69, 1, 1, 2),
('2023-11-15', '2023-11-20', 69, 2, 1, 2),
('2023-11-01', '2023-11-10', 70, 3, 0, 2),
('2023-11-01', '2023-11-10', 70, 4, 0, 2),
('2023-11-01', '2023-11-10', 70, 5, 0, 2),
('2023-12-01', '2023-12-07', 71, 6, 1, 1),
('2023-12-01', '2023-12-07', 71, 7, 1, 1),
('2023-12-01', '2023-12-07', 71, 8, 1, 1),
('2023-12-05', '2023-12-10', 72, 9, 0, 2),
('2023-12-05', '2023-12-10', 72, 10, 0, 2),
('2023-12-05', '2023-12-10', 72, 11, 0, 2),
('2023-12-13', '2023-12-20', 73, 12, 2, 2),
('2023-12-13', '2023-12-20', 73, 13, 2, 2),
('2023-12-13', '2023-12-20', 73, 14, 2, 2),
('2023-12-20', '2023-12-26', 74, 15, 1, 2),
('2023-12-20', '2023-12-26', 74, 16, 1, 2),
('2023-12-20', '2023-12-26', 74, 17, 1, 2),
('2024-01-02', '2024-01-06', 75, 18, 0, 1),
('2024-01-02', '2024-01-06', 75, 19, 0, 1),
('2024-01-02', '2024-01-06', 75, 20, 0, 1),
('2024-01-15', '2024-01-23', 76, 21, 1, 2),
('2024-01-15', '2024-01-23', 76, 22, 1, 2),
('2024-01-15', '2024-01-23', 76, 23, 1, 2),
('2024-02-02', '2024-02-10', 77, 24, 1, 2),
('2024-02-02', '2024-02-10', 77, 25, 1, 2),
('2024-02-02', '2024-02-10', 77, 26, 1, 2),
('2024-02-14', '2024-02-16', 78, 27, 0, 1),
('2024-02-14', '2024-02-16', 78, 28, 0, 1),
('2024-02-14', '2024-02-16', 78, 29, 0, 1),
('2024-03-16', '2024-03-20', 79, 1, 1, 2),
('2024-03-16', '2024-03-20', 79, 2, 1, 2),
('2024-03-16', '2024-03-20', 79, 3, 1, 2),
('2024-03-20', '2024-03-27', 80, 4, 0, 2),
('2024-03-20', '2024-03-27', 80, 5, 0, 2),
('2024-03-20', '2024-03-27', 80, 6, 0, 2),
('2024-03-27', '2024-04-01', 81, 7, 1, 1),
('2024-03-27', '2024-04-01', 81, 8, 1, 1),
('2024-03-27', '2024-04-01', 81, 9, 1, 1),
('2024-04-06', '2024-04-11', 82, 10, 0, 2),
('2024-04-06', '2024-04-11', 82, 11, 0, 2),
('2024-04-06', '2024-04-11', 82, 12, 0, 2),
('2024-04-10', '2024-04-13', 83, 13, 1, 2),
('2024-04-10', '2024-04-13', 83, 14, 1, 2),
('2024-04-10', '2024-04-13', 83, 15, 1, 2),
('2024-04-14', '2024-04-22', 84, 16, 1, 2),
('2024-04-14', '2024-04-22', 84, 17, 1, 2),
('2024-04-14', '2024-04-22', 84, 18, 1, 2),
('2024-04-19', '2024-04-26', 85, 19, 0, 1),
('2024-04-19', '2024-04-26', 85, 20, 0, 1),
('2024-04-19', '2024-04-26', 85, 21, 0, 1),
('2024-05-02', '2024-05-06', 86, 22, 1, 2),
('2024-05-02', '2024-05-06', 86, 23, 1, 2),
('2024-05-02', '2024-05-06', 86, 24, 1, 2),
('2024-05-02', '2024-05-10', 87, 25, 0, 2),
('2024-05-02', '2024-05-10', 87, 26, 0, 2),
('2024-05-02', '2024-05-10', 87, 27, 0, 2),
('2024-05-10', '2024-05-18', 88, 28, 1, 1),
('2024-05-10', '2024-05-18', 88, 29, 1, 1),
('2024-05-10', '2024-05-18', 88, 1, 1, 1),
('2024-06-02', '2024-06-05', 89, 2, 0, 2),
('2024-06-02', '2024-06-05', 89, 3, 0, 2),
('2024-06-02', '2024-06-05', 89, 4, 0, 2),
('2024-06-12', '2024-06-17', 90, 5, 2, 1),
('2024-06-12', '2024-06-17', 90, 6, 2, 2),
('2024-06-12', '2024-06-17', 90, 7, 2, 2),
('2024-06-22', '2024-06-26', 91, 8, 1, 2),
('2024-06-22', '2024-06-26', 91, 9, 1, 2),
('2024-06-22', '2024-06-26', 91, 10, 1, 2),
('2024-06-25', '2024-06-30', 92, 11, 0, 1),
('2024-06-25', '2024-06-30', 92, 12, 0, 1),
('2024-06-25', '2024-06-30', 92, 13, 0, 1),
('2024-06-26', '2024-07-02', 93, 14, 1, 2),
('2024-06-26', '2024-06-02', 93, 15, 1, 2),
('2024-06-26', '2024-06-02', 93, 16, 1, 2),
('2024-07-02', '2024-07-10', 94, 17, 0, 2),
('2024-07-02', '2024-07-10', 94, 18, 0, 2),
('2024-07-02', '2024-07-10', 94, 19, 0, 2),
('2024-07-03', '2024-07-09', 95, 20, 1, 1),
('2024-07-03', '2024-07-09', 95, 21, 1, 1),
('2024-07-03', '2024-07-09', 95, 22, 1, 1),
('2024-07-05', '2024-07-13', 96, 23, 0, 2),
('2024-07-05', '2024-07-13', 96, 24, 0, 2),
('2024-07-05', '2024-07-13', 96, 25, 0, 2);


 INSERT INTO detalle_pago (reservacion, metodo_pago, monto_total) VALUES
(1, 'tarjeta', 10800.00),
(2, 'efectivo', 10800.00),
(3, 'transferencia', 8100.00),
(4, 'tarjeta', 13500.00),
(5, 'efectivo', 10800.00),
(6, 'tarjeta', 5400.00),
(7, 'transferencia', 8100.00),
(8, 'tarjeta', 16500.00),
(9, 'efectivo', 6200.00),
(10, 'tarjeta', 11500.00),
(11, 'efectivo', 13500.00),
(12, 'tarjeta', 16200.00),
(13, 'transferencia', 40500.00),
(14, 'tarjeta', 13500.00),
(15, 'efectivo', 13500.00),
(16, 'tarjeta', 10800.00),
(17, 'transferencia', 27000.00),
(18, 'tarjeta', 29700.00),
(19, 'efectivo', 12400.00),
(20, 'tarjeta', 1400.00),
(21, 'efectivo', 13500.00),
(22, 'tarjeta', 10800.00),
(23, 'transferencia', 13500.00),
(24, 'tarjeta', 16200.00),
(25, 'efectivo', 13500.00),
(26, 'tarjeta', 16200.00),
(27, 'transferencia', 13500.00),
(28, 'tarjeta', 16500.00),
(29, 'efectivo', 24800.00),
(30, 'tarjeta', 18400.00),
(31, 'efectivo', 13500.00),
(32, 'tarjeta', 27000.00),
(33, 'transferencia', 16200.00),
(34, 'tarjeta', 18900.00),
(35, 'efectivo', 13500.00),
(36, 'tarjeta', 10800.00),
(37, 'transferencia', 16200.00),
(38, 'tarjeta', 21600.00),
(39, 'efectivo', 10400.00),
(40, 'tarjeta', 15000.00),
(41, 'efectivo', 13500.00),
(42, 'tarjeta', 16200.00),
(43, 'transferencia', 18900.00),
(44, 'tarjeta', 18900.00),
(45, 'efectivo', 13500.00),
(46, 'tarjeta', 16200.00),
(47, 'transferencia', 15000.00),
(48, 'tarjeta', 28800.00),
(49, 'efectivo', 12600.00),
(50, 'tarjeta', 5400.00),
(51, 'efectivo', 16200.00),
(52, 'tarjeta', 21600.00),
(53, 'transferencia', 13500.00),
(54, 'tarjeta', 13500.00),
(55, 'efectivo', 13500.00),
(56, 'tarjeta', 16200.00),
(57, 'transferencia', 26400.00),
(58, 'tarjeta', 15500.00),
(59, 'efectivo', 23100.00),
(60, 'tarjeta', 18900.00),
(61, 'efectivo', 16200.00),
(62, 'tarjeta', 16200.00),
(63, 'transferencia', 8100.00),
(64, 'tarjeta', 10800.00),
(65, 'efectivo', 16200.00),
(66, 'tarjeta', 10800.00),
(67, 'transferencia', 18000.00),
(68, 'tarjeta', 10400.00),
(69, 'efectivo', 12500.00),
(70, 'tarjeta', 24300.00),
(71, 'efectivo', 16200.00),
(72, 'tarjeta', 13500.00),
(73, 'transferencia', 18900.00),
(74, 'tarjeta', 16200.00),
(75, 'efectivo', 10800.00),
(76, 'tarjeta', 24000.00),
(77, 'transferencia', 28800.00),
(78, 'tarjeta', 4200.00),
(79, 'efectivo', 10800.00),
(80, 'tarjeta', 16200.00),
(81, 'efectivo', 13500.00),
(82, 'tarjeta', 13500.00),
(83, 'transferencia', 8100.00),
(84, 'tarjeta', 21600.00),
(85, 'efectivo', 18900.00),
(86, 'tarjeta', 13200.00),
(87, 'transferencia', 24800.00),
(88, 'tarjeta', 16100.00),
(89, 'efectivo', 8100.00),
(90, 'tarjeta', 13500.00),
(91, 'efectivo', 10800.00),
(92, 'tarjeta', 13500.00),
(93, 'transferencia', 16200.00),
(94, 'tarjeta', 21600.00),
(95, 'efectivo', 16200.00),
(96, 'tarjeta', 28800.00);


INSERT INTO facturacion (nombre, apellido_paterno, apellido_materno, rfc, direccion, detalle_pago) VALUES
('Juan', 'Perez', 'Lopez', 'PERJ900101XXX', 'Calle Falsa 123', 1),
('Maria', 'Garcia', 'Hernandez', 'GAHM850515XXX', 'Avenida Siempre Viva 456', 2),
('Pedro', 'Martinez', 'Rodriguez', 'MARP780723XXX', 'Calle Olmo 789', 3),
('Luisa', 'Fernandez', 'Gomez', 'FEGL921130XXX', 'Calle Luna 321', 4),
('Carlos', 'Gonzalez', 'Perez', 'GOCP800314XXX', 'Calle Sol 654', 5),
('Ana', 'Lopez', 'Ramirez', 'LORA890809XXX', 'Calle Estrella 987', 6),
('Miguel', 'Hernandez', 'Vazquez', 'HEVM751225XXX', 'Calle Marte 123', 7),
('Laura', 'Ramirez', 'Cruz', 'RACL830418XXX', 'Calle Jupiter 456', 8),
('Jorge', 'Torres', 'Morales', 'TOMO910905XXX', 'Calle Venus 789', 9),
('Patricia', 'Sanchez', 'Martinez', 'SAMP820220XXX', 'Calle Saturno 321', 10),
('Andres', 'Ruiz', 'Gutierrez', 'RUGA840617XXX', 'Calle Mercurio 654', 11),
('Sofia', 'Morales', 'Rojas', 'MORS931028XXX', 'Calle Neptuno 987', 12),
('Raul', 'Ortiz', 'Jimenez', 'OJR880113XXX', 'Calle Plutón 123', 13),
('Elena', 'Gutierrez', 'Hernandez', 'GEHE940724XXX', 'Calle Tierra 456', 14),
('Victor', 'Jimenez', 'Lopez', 'JIL861103XXX', 'Calle Fuego 789', 15),
('Isabel', 'Castillo', 'Gomez', 'CAGI790401XXX', 'Calle Agua 321', 16),
('Hugo', 'Vargas', 'Sanchez', 'VASH870819XXX', 'Calle Viento 654', 17),
('Rosa', 'Mendoza', 'Pérez', 'MEPR901210XXX', 'Calle Nube 987', 18),
('Oscar', 'Flores', 'Ramirez', 'FLOO810322XXX', 'Calle Trueno 123', 19),
('Mariana', 'Gomez', 'Torres', 'GOTM850914XXX', 'Calle Rayo 456', 20),
('Eduardo', 'Martinez', 'Vazquez', 'MAVE781230XXX', 'Calle Luz 789', 21),
('Gabriela', 'Perez', 'Lopez', 'PELG860508XXX', 'Calle Sombra 321', 22),
('Roberto', 'Ramirez', 'Hernandez', 'RARH830721XXX', 'Calle Brisa 654', 23),
('Veronica', 'Lopez', 'Garcia', 'LOGV920229XXX', 'Calle Rocío 987', 24),
('Alberto', 'Gonzalez', 'Martinez', 'GOAL840411XXX', 'Calle Alba 123', 25),
('Daniela', 'Sanchez', 'Ruiz', 'SADR890626XXX', 'Calle Amanecer 456', 26),
('Javier', 'Torres', 'Gutierrez', 'TOGU811107XXX', 'Calle Anochecer 789', 27),
('Silvia', 'Hernandez', 'Jimenez', 'HEJS910119XXX', 'Calle Aurora 321', 28),
('Fernando', 'Perez', 'Cruz', 'PECF851025XXX', 'Calle Bosque 654', 29),
('Alicia', 'Garcia', 'Lopez', 'GAL919205XXX', 'Calle Campo 987', 30);







